<?xml version="1.0" encoding="UTF-8"?>
<!DOCTYPE mapper PUBLIC "-//mybatis.org//DTD Mapper 3.0//EN" 
"http://mybatis.org/dtd/mybatis-3-mapper.dtd">
<mapper namespace="com.pn.mapper.UserMapper">

	<resultMap type="User" id="userResult">
		<id column="user_id" property="userId" />
		<result column="user_name" property="userName" />
		<result column="user_code" property="userCode" />
		<result column="user_pwd" property="userPwd" />
		<result column="user_type" property="userType" />
		<result column="user_state" property="userState" />
		<result column="is_delete" property="isDelete" />
		<result column="create_by" property="createBy" />
		<result column="create_time" property="createTime" />
		<result column="update_by" property="updateBy" />
		<result column="update_time" property="updateTime" />
		<result column="getCode" property="getCode"/>
	</resultMap>

	<!--public User findUserByCode(String userCode)-->
	<select id="findUserByCode" resultMap="userResult">
		SELECT * FROM user_info
		WHERE user_code = #{userCode} and is_delete = 0
	</select>

</mapper>
