<?xml version="1.0" encoding="UTF-8"?>
<!DOCTYPE mapper PUBLIC "-//mybatis.org//DTD Mapper 3.0//EN" 
"http://mybatis.org/dtd/mybatis-3-mapper.dtd">
<mapper namespace="com.pn.mapper.AuthMapper">

	<resultMap type="Auth" id="authResultMap">
		<id property="authId" column="auth_id" />
		<result property="parentId" column="parent_id" />
		<result property="authName" column="auth_name" />
		<result property="authDesc" column="auth_desc" />
		<result property="authGrade" column="auth_grade" />
		<result property="authType" column="auth_type" />
		<result property="authUrl" column="auth_url" />
		<result property="authCode" column="auth_code" />
		<result property="authOrder" column="auth_order" />
		<result property="authState" column="auth_state" />
		<result property="createBy" column="create_by" />
		<result property="createTime" column="create_time" />
		<result property="updateBy" column="update_by" />
		<result property="updateTime" column="update_time" />
	</resultMap>

	<!--
	  //根据用户id查询用户所有权限(菜单)的方法
	  public List<Auth> findAllAuth(int userId)
	-->
	<select id="findAllAuth" resultMap="authResultMap">
		select distinct t3.* from user_role t1, role_auth t2, auth_info t3
		where t1.role_id = t2.role_id and t2.auth_id = t3.auth_id
		and t3.auth_state=1 and t1.user_id=#{userId}
	</select>

	<!--
	  //查询所有状态正常的权限(菜单)的方法
	  public List<Auth> getAllAuth()
	-->
	<select id="getAllAuth" resultType="com.pn.entity.Auth">
		select * from auth_info where auth_state = 1
	</select>

	<!--
	  //根据角色id删除给角色已分配的所有权限(菜单)
	  public int delAuthByRoleId(Integer roleId);
    -->
	<delete id="delAuthByRoleId">
		delete from role_auth where role_id = #{roleId}
	</delete>

	<!--
	  //添加角色权限(菜单)关系的方法
	  public void insertRoleAuth(Integer roleId, Integer authId);
	-->
	<insert id="insertRoleAuth">
		insert into role_auth (role_id, auth_id) values(#{param1}, #{param2})
	</insert>

</mapper>