<?xml version="1.0" encoding="UTF-8"?>
<!DOCTYPE mapper PUBLIC "-//mybatis.org//DTD Mapper 3.0//EN"
        "http://mybatis.org/dtd/mybatis-3-mapper.dtd">

<mapper namespace="com.pn.mapper.ProductTypeMapper">

    <!--
      //查询所有商品分类的方法
      public List<ProductType> findAllProductType()
    -->
    <select id="findAllProductType" resultType="com.pn.entity.ProductType">
        select * from product_type
    </select>

    <!--
      //根据分类编码查询商品分类的方法
      public ProductType findTypeByCode(String typeCode)
    -->
    <select id="findTypeByCode" resultType="com.pn.entity.ProductType">
        select * from product_type where type_code = #{typeCode}
    </select>

    <!--
      //添加商品分类的方法
      public int insertProductType(ProductType productType)
    -->
    <insert id="insertProductType">
        insert into product_type values(
           null, #{parentId}, #{typeCode}, #{typeName}, #{typeDesc}
        )
    </insert>

    <!--
      //根据分类id删除分类及其所有子级分类的方法
      public int deleteProductType(Integer typeId)
    -->
    <delete id="deleteProductType">
        delete from product_type where type_id = #{typeId} or parent_id = #{typeId}
    </delete>

    <!--
      //根据分类id修改分类的方法
      public int updateTypeById(ProductType productType)
    -->
    <update id="updateTypeById">
        update product_type set
        type_name = #{typeName}, type_desc = #{typeDesc}
        where type_id = #{typeId}
    </update>

</mapper>